Location,Scene,Page,Act,Actors
CAR,5,1,ACT I,BOB
FAMILY ROOM,6,1,ACT I,BOB
FRONT YARD,7,1,ACT I,ALICE
FRONT YARD,8,2,ACT I,ALICE
FRONT YARD,9,3,ACT II,ALICE
FRONT YARD,10,3,ACT II,ALICE
FRONT YARD,11,3,ACT II,ALICE
FRONT YARD,12,3,ACT II,ALICE
FRONT YARD,13,3,ACT II,ALICE
FRONT YARD,14,3,ACT II,ALICE
FRONT YARD,15,3,ACT II,ALICE
FRONT YARD,16,3,ACT II,ALICE
FRONT YARD,17,3,ACT II,ALICE
FRONT YARD,18,4,ACT II,ALICE
FRONT YARD,19,4,ACT II,ALICE
FRONT YARD,20,4,ACT II,ALICE
FRONT YARD,21,4,ACT II,ALICE
FRONT YARD,22,4,ACT II,ALICE
FRONT YARD,23,4,ACT II,ALICE
FRONT YARD,24,4,ACT II,ALICE
FRONT YARD,25,4,ACT II,ALICE
FRONT YARD,26,5,ACT II,ALICE
FRONT YARD,27,5,ACT II,ALICE
FRONT YARD,28,5,ACT II,ALICE
FRONT YARD,29,5,ACT II,ALICE
FRONT YARD,30,5,ACT II,ALICE
FRONT YARD,31,5,ACT II,ALICE
FRONT YARD,32,5,ACT II,ALICE
FRONT YARD,33,5,ACT II,ALICE
FRONT YARD,34,5,ACT II,ALICE
FRONT YARD,35,6,ACT II,ALICE
FRONT YARD,36,6,ACT II,ALICE
FRONT YARD,37,6,ACT II,ALICE
FRONT YARD,38,6,ACT II,ALICE
FRONT YARD,39,6,ACT II,ALICE
FRONT YARD,40,6,ACT II,ALICE
INT. KITCHEN - DA,2,1,ACT I,"BOB, ALICE"
KITCHEN,1,1,ACT I,ALICE
OFFICE,3,1,ACT I,BOB
OUTSIDE,4,1,ACT I,ALICE
